Masked Well Name,Fuel Type,Fuel Value,R_1,R_2,R_3,R_4,R_5,R_6,R_7,R_8,R_9,R_10,R_11,R_12,R_13,R_14,R_15,R_16,R_17,R_18,R_19,R_20,R_21,R_22,R_23,R_24,R_25,R_26,R_27,R_28,R_29,R_30,R_31,R_32,R_33,R_34,R_35,R_36,R_37,R_38,R_39,R_40,R_41,R_42,R_43,R_44,R_45,R_46,R_47,R_48,R_49,R_50,R_51,R_52,R_53,R_54,R_55,R_56,R_57,R_58,R_59,R_60,R_61,R_62,R_63,R_64,R_65,R_66,R_67,R_68,R_69,R_70,R_71,R_72,R_73,R_74,R_75,R_76,R_77,R_78,R_79,R_80,R_81,R_82,R_83,R_84,R_85,R_86,R_87,R_88,R_89,R_90,R_91,R_92,R_93,R_94,R_95,R_96,R_97,R_98,R_99,R_100
Buchanan 6H,DGB_Diesel,28112.83,25069.380000000005,22651.77,28112.83,26634.18,28112.83,28112.83,24909.72,23571.13,27570.72,28112.83,27798.18,29277.380000000005,28193.74,28112.83,28112.83,28497.33,28112.83,27932.020000000004,30160.58,28112.83,23734.460000000006,30667.86,28112.83,27464.229999999996,31749.710000000006,24212.949999999997,28193.74,26634.289999999994,29022.699999999997,26275.700000000004,28112.83,37224.229999999996,26275.700000000004,27683.03,30178.100000000006,28569.740000000005,32581.15000000001,32354.559999999998,27504.78,33493.53000000001,26817.690000000002,34303.04000000001,31410.619999999995,27517.490000000005,26401.660000000003,28112.83,28112.83,29180.33,28116.660000000003,21926.980000000003,28112.83,25430.190000000002,28112.83,28418.160000000003,28112.83,24373.57,30601.070000000007,28112.83,29156.7,29507.819999999992,31574.35,25382.710000000006,28112.83,26490.90000000001,27471.84,28112.83,36612.40999999999,28112.83,28112.83,28112.83,25902.480000000003,28112.83,28112.83,28112.83,28112.83,28396.39,28112.83,25672.930000000008,28112.83,20594.46,27867.550000000003,28112.83,26670.89,28112.83,26207.78,26824.559999999998,30405.39,27086.660000000003,41360.36,28112.83,28112.83,28112.83,28112.83,26618.03,26438.36,28613.9,29905.240000000005,28112.83,28112.83,29720.660000000003
Buchanan 6H,DGB_CNG,7116.55,8651.84,10239.619999999999,7116.55,6641.89,6487.750000000001,7116.55,7116.55,7015.410000000001,6905.63,6807.89,7116.55,7116.55,7081.88,8595.310000000001,6188.87,7116.55,7116.55,6589.059999999999,7116.55,8218.490000000002,7116.55,7365.009999999999,8133.03,9345.68,7116.55,7760.630000000002,7645.920000000001,6892.919999999999,7144.9800000000005,7163.62,7116.55,7116.55,7116.55,7116.55,7116.55,7116.55,6556.790000000002,7116.55,7116.55,7019.96,7238.740000000001,7015.410000000001,7116.55,6968.009999999999,7291.599999999999,7116.55,7388.130000000002,6188.87,6320.920000000001,7116.55,7123.05,7116.55,7116.55,7116.55,7116.55,7228.21,7116.55,7149.570000000001,8151.63,6614.04,7116.55,7116.55,7116.55,7116.55,7198.95,6904.93,7116.55,7129.7699999999995,7345.740000000001,7157.53,7116.55,7223.509999999999,6838.97,6671.920000000001,7867.38,7116.55,7116.55,7321.009999999999,7116.55,7116.55,7116.55,7116.55,7444.62,6953.7300000000005,7116.55,7116.55,7116.55,7116.55,7116.55,7296.19,13013.18,7116.55,6982.86,7532.570000000001,6943.96,6825.670000000001,7116.55,6853.160000000001,6205.340000000001,7236.910000000001
Yabucoa 1H,Turbine,9234.35,8191.99,8664.04,9234.35,9234.35,9359.27,9363.6,9427.41,9061.76,9234.35,9234.35,10021.16,9234.35,9234.35,9234.35,9427.41,8788.58,9234.35,9234.35,9234.35,9234.35,8525.94,9234.35,8397.220000000001,10000.630000000001,8427.04,9234.35,9234.35,9234.35,9040.82,10487.43,8956.77,9545.44,9234.35,9234.35,9234.35,8701.34,9234.35,10000.630000000001,10895.01,9234.35,9234.35,9388.15,9234.35,9001.92,9234.35,9265.1,8990.960000000001,9234.35,10764.43,9234.35,9424.92,9234.35,9234.35,9234.35,9736.9,8965.77,9747.69,9234.35,9234.35,9234.35,9168.24,8970.960000000001,9064.35,9234.35,9234.35,8785.2,9269.970000000001,8883.11,9234.35,9542.01,9234.35,8929.75,9370.64,9234.35,9234.35,9234.35,9234.35,9234.35,9234.35,9553.27,9234.35,9061.76,9234.35,9234.35,9234.35,9234.35,9525.42,8524.640000000001,9316.49,9023.0,8525.94,9234.35,9234.35,9234.35,9234.35,9669.910000000002,9505.930000000002,9366.5,9234.35,9234.35
Trujillo Alto 4H,Diesel,85831.2,85000.06,85850.43,86982.34,86248.32999999999,86816.92,85000.06,85161.94,85831.2,81548.68,87000.43,82714.51,88768.73999999999,87681.94,85831.2,83926.15,84947.01999999999,85831.2,84469.81,85831.2,85831.2,83997.92,85973.37000000001,85513.91,84350.15,85636.95,86264.87,82389.33,85831.2,85831.2,85831.2,102600.18,89051.45999999999,88627.09000000001,89715.98,85831.2,85235.86,85252.18999999999,84536.06,83410.7,85123.06,85831.2,85831.2,85831.2,85994.16,87017.15,91798.4,85831.2,83993.73999999999,87192.03,86730.84,85811.66,85329.41,87415.95,82047.41,84825.9,87017.15,85744.01,85831.2,89235.06,85054.95,84050.76,83576.34000000001,83837.57999999999,113678.05,79652.99999999999,82026.59999999999,85831.2,84627.81,83531.82999999999,85135.09,85831.2,88271.48,85062.66,88444.73999999999,86479.37,81775.62999999999,85831.2,85831.2,87264.77999999998,86806.16,85831.2,86806.16,85831.2,85693.01,86528.04,104701.90000000001,84426.07,86215.87,80231.87,84372.88,84542.29,85831.2,85831.2,89390.43000000001,85831.2,83800.20999999999,82671.68,87442.37,85831.2,93129.21
Richmond 5H,Grid,1263856.46,1263856.46,1263856.46,1263856.46,1263856.46,1263856.46,1263856.46,1263856.46,1263856.46,1263856.46,1263856.46,1263856.46,1263856.46,1263856.46,1263856.46,1263856.46,1263856.46,1263856.46,1263856.46,1263856.46,1263856.46,1263856.46,1263856.46,1254831.52,1423903.9,1263856.46,1263856.46,1263856.46,1263856.46,1263856.46,1263856.46,1263856.46,1263856.46,1254831.52,1263856.46,1263856.46,1263856.46,1247949.68,1263856.46,1263856.46,1263856.46,1263856.46,1263856.46,1263856.46,1263856.46,1263856.46,1263856.46,1263856.46,1263856.46,1263856.46,1263856.46,1253568.97,1263856.46,1359728.69,1263856.46,1248330.92,1263856.46,1263856.46,1263856.46,1263856.46,1263856.46,1263856.46,1263856.46,1263856.46,1263856.46,1362871.14,1305778.94,1263856.46,1263856.46,1263856.46,1263856.46,1263856.46,1263856.46,1263856.46,1263856.46,1263856.46,1263856.46,1263856.46,1263856.46,1263856.46,1263856.46,1263856.46,1263856.46,1263856.46,1263856.46,1263856.46,1263856.46,1263856.46,1263856.46,1263856.46,1263856.46,1263856.46,1263856.46,1227960.4,1263856.46,1263856.46,1263856.46,1263856.46,1263856.46,1263856.46,1263856.46
Queen Anne's 1H,DGB_Diesel,34847.68,34847.68,45736.18,32407.780000000006,34847.68,34847.68,35298.22,37176.62,32152.79,34847.68,34847.68,34847.68,34942.31,34847.68,34847.68,35039.21,36737.090000000004,38085.46,37904.62,34847.68,32117.560000000005,32109.530000000006,32535.65,32731.420000000006,35312.94,34847.68,34847.68,34847.68,31861.39,34847.68,33225.75000000001,36656.5,37504.030000000006,38509.96,32301.939999999995,34164.87,34847.68,34847.68,33708.21,35869.25999999999,31002.480000000003,37866.92,35299.55,37602.61,32350.019999999997,34709.49,39738.49,31924.920000000006,35118.75,29705.969999999994,37936.05,31101.08,30095.66,34847.68,34343.14,34847.68,35266.3,34827.33,35580.17,35782.34,35869.25999999999,38482.29,42077.299999999996,31430.620000000003,35348.75,34847.68,34847.68,35757.549999999996,34847.68,32572.97,34847.68,34847.68,34847.68,34847.68,34232.520000000004,34847.68,34847.68,37057.170000000006,32976.85,34153.26,33552.54,34847.68,34847.68,34847.68,39522.340000000004,34847.68,35379.53,34847.68,38404.789999999986,37402.71,36668.18,34847.68,34847.68,34599.99,30565.16,35010.08,34759.14,34709.49,34471.030000000006,34847.68,36125.16000000001
Queen Anne's 1H,DGB_CNG,10340.26,10340.26,11047.66,9914.320000000002,10340.26,10340.26,10340.26,10340.26,10526.640000000001,10452.32,10299.61,10340.26,10340.26,10340.26,10340.26,10340.26,10340.26,10340.26,10340.26,10163.85,10311.58,10172.31,10588.72,10340.26,10340.26,10340.26,10340.26,10171.47,12381.51,9825.09,10120.94,11593.99,9867.61,9825.09,10882.32,9968.64,9918.12,10340.26,10340.26,10340.26,9989.02,11526.56,11356.74,10696.67,10340.26,10340.26,11482.78,10340.26,10357.68,10340.26,10340.26,10340.26,10340.26,11983.74,10340.26,10010.2,10340.26,10340.26,10853.6,10486.34,10633.36,10340.26,10340.26,10340.26,10084.08,11365.12,10765.89,9711.460000000001,10340.26,10340.26,10352.45,10115.99,10340.26,10788.72,10340.26,12863.81,10340.26,10340.26,10340.26,10530.83,10340.26,11561.54,10340.26,10651.660000000002,10340.26,12863.81,10340.26,10340.26,10391.37,9783.15,10340.26,10291.03,10195.59,10315.08,10278.04,9789.7,9866.519999999999,10217.76,10323.47,10340.26,10340.26
De Soto 3H,Turbine,14385.21,14014.88,14385.21,14451.81,14385.21,14385.21,14385.21,14385.21,14385.21,14385.21,14212.619999999999,14385.21,14167.259999999998,14385.21,14385.21,14826.779999999999,14326.38,14385.21,14385.21,15293.39,14350.419999999998,14840.32,14293.189999999999,14385.21,14140.74,14902.82,14274.96,14385.21,14385.21,13560.349999999999,13676.21,14441.27,14602.07,16028.689999999999,14385.21,14735.72,13676.8,14349.56,14514.329999999998,13075.75,14385.21,14854.079999999998,14385.21,14385.21,14385.21,14385.21,14385.21,14385.21,15009.399999999998,13589.58,14070.55,14274.96,14385.21,14385.21,14385.21,14420.83,14385.21,14385.21,14385.21,14385.21,14385.21,14048.16,14385.21,13964.169999999998,15982.81,14215.349999999999,14350.539999999999,14385.21,14256.679999999998,14385.21,14533.33,14673.74,15007.75,13948.88,14385.21,14911.009999999998,14385.21,14385.21,14510.97,14479.789999999999,13676.21,14385.21,14385.21,14823.359999999999,15316.61,14385.21,14385.21,15339.949999999999,14676.279999999999,14533.359999999999,16470.69,14385.21,14385.21,14385.21,16028.689999999999,14284.07,14431.38,14385.21,14385.21,14385.21,14561.739999999998
Floyd 3H,DGB_Diesel,54621.81,54621.81,57110.05,54621.81,52451.07,55248.78999999999,56229.64,53515.73999999999,52976.81,56706.6,57207.579999999994,55777.759999999995,54621.81,60527.100000000006,54052.84999999999,54601.46,55505.639999999985,48483.159999999996,55164.42999999999,54621.81,54621.81,54621.81,56501.70999999999,54621.81,57065.89,53734.61,56831.3,52346.05,53671.770000000004,54621.81,54189.03,53128.42999999999,54592.14,60591.29,51309.56999999999,51939.17,54621.81,54621.81,55062.16,53671.770000000004,55521.45,50961.81999999999,54621.81,55533.91,52053.84999999999,54050.28,54621.81,55219.42,51891.69,55940.899999999994,55113.09,53326.67,54621.81,52777.91,54621.81,55533.91,63054.8,56281.09999999999,60591.29,49304.909999999996,47030.09999999999,54621.81,52841.369999999995,53795.479999999996,53329.91,58547.380000000005,53216.68,51562.009999999995,52407.899999999994,54621.81,54892.88,55031.63,54621.81,67869.34,54621.81,58506.59,56831.3,53983.18,51309.56999999999,57110.05,54621.81,50478.04,54621.81,52295.28,52621.29,54427.56,54441.0,54621.81,54621.81,55270.28999999999,54436.939999999995,56499.67,49022.479999999996,54621.81,54621.81,54621.81,52804.03,56501.70999999999,52890.56999999999,54621.81,54621.81
Floyd 3H,DGB_CNG,14226.62,14226.62,15055.12,14226.62,13522.960000000001,14226.62,14112.7,13367.960000000001,14226.62,14222.730000000001,14033.09,14419.890000000001,14293.070000000002,14226.62,13367.960000000001,14226.62,14226.62,14238.54,14374.740000000002,14226.62,14226.62,14226.62,14162.390000000001,14241.980000000001,14226.62,13403.43,14226.62,14226.62,14164.53,14226.62,14177.390000000001,14226.62,14116.640000000001,14226.62,14226.62,14226.62,14819.950000000003,14226.62,14137.710000000001,15013.43,16473.950000000004,14226.62,13807.5,14226.62,14015.650000000001,13944.770000000002,14226.62,13928.590000000002,14226.62,13794.310000000001,13790.29,14226.62,13693.61,14241.980000000001,14226.62,13601.61,14241.980000000001,14212.920000000002,14744.230000000001,13507.7,13329.460000000001,16962.230000000003,13837.570000000002,14055.41,13777.470000000001,14273.69,14226.62,14226.62,13568.060000000001,14226.62,14618.660000000002,14819.950000000003,14075.990000000002,14226.62,13839.560000000001,14226.62,14226.62,14226.62,14226.62,14226.62,14226.62,14266.360000000002,14226.62,14054.33,14323.740000000002,14226.62,14226.62,14226.62,14226.62,15055.12,14226.62,13874.880000000001,14226.62,13693.61,14226.62,14226.62,13192.970000000001,14226.62,14226.62,14427.25,14652.25
Monroe 7H,DGB_Diesel,25499.25,24514.329999999987,25499.25,28955.390000000014,20038.19,25499.25,32109.210000000006,32109.210000000006,22647.300000000003,28737.03,27547.0,25499.25,25499.25,26145.38,23505.629999999997,24210.979999999996,25499.25,25499.25,22379.019999999997,24783.39,25499.25,23824.78,28518.489999999998,25146.11,25499.25,25499.25,25122.600000000006,25499.25,25499.25,25122.600000000006,26650.39,25499.25,25499.25,25499.25,27574.770000000004,25916.379999999997,25499.25,25738.45000000001,25499.25,24994.71,27319.75,25412.059999999998,25499.25,44369.95000000001,25292.58,25499.25,24494.1,22233.11,21839.259999999995,23741.79,23233.86,26768.399999999994,23244.390000000014,25499.25,25499.25,25499.25,22280.690000000002,25499.25,29424.820000000007,26944.850000000006,22769.130000000005,25499.25,25499.25,27169.229999999996,18397.75,24094.54,24668.11,25565.879999999997,25499.25,19313.4,23359.199999999997,24703.58,23453.8,25499.25,24994.71,25499.25,26145.38,22311.589999999997,25499.25,23628.42,25499.25,27708.740000000005,26558.92,25499.25,27366.699999999997,22187.009999999995,29050.199999999997,25499.25,25499.25,27852.1,25499.25,26344.800000000003,25499.25,28502.259999999995,25305.0,25499.25,25499.25,25499.25,25499.25,26520.829999999987,23078.75
Monroe 7H,DGB_CNG,8873.01,8873.01,9157.57,8873.01,9402.380000000001,8873.01,8873.01,8608.41,8231.22,8654.08,8873.01,8581.050000000001,9182.28,8502.1,8873.01,9293.99,8873.01,9926.65,8604.72,8873.01,8873.01,8760.26,8873.01,8873.01,8873.01,9166.11,8750.51,9808.93,8873.01,9724.56,8873.01,8873.01,8865.840000000002,8164.01,8873.01,8873.01,9066.28,8873.01,8873.01,8827.45,8873.01,8873.01,8759.04,8771.87,8873.01,8901.44,8623.53,8873.01,8955.15,8582.130000000001,8451.97,8873.01,8822.900000000001,8885.53,8885.53,8873.01,8873.01,8873.01,8873.01,8705.06,8873.01,8884.93,8873.01,8873.01,8873.01,10958.49,7893.9,8873.01,8873.01,8873.01,8399.269999999999,8609.62,8873.01,9009.95,8873.01,9207.660000000002,8873.01,8873.01,8822.900000000001,9075.04,8822.900000000001,9495.550000000001,8873.01,9218.35,4305.06,8855.92,8873.01,8873.01,9521.06,8801.79,9207.660000000002,8873.01,9655.04,8609.62,8294.91,8483.960000000001,8873.01,9308.570000000002,9623.84,8813.57,8324.72
Mecosta 3H,Grid,1047868.38,1047868.38,1047868.38,1047868.38,1047868.38,1047868.38,1047868.38,1047868.38,1047868.38,1047868.38,1047868.38,1047868.38,1047868.38,1047868.38,1047868.38,1047868.38,1047868.38,1047868.38,1047868.38,1047868.38,1047868.38,1047868.38,1047868.38,1047868.38,1047868.38,1047868.38,1047868.38,1047868.38,1047868.38,1047868.38,1047868.38,1047868.38,1047868.38,1047868.38,1047868.38,1047868.38,1047868.38,1047868.38,1047868.38,1047868.38,1047868.38,1047868.38,1047868.38,1047868.38,1047868.38,1047868.38,1047868.38,1047868.38,1047868.38,1008909.81,1047868.38,1047868.38,1047868.38,1047868.38,1047868.38,1047868.38,1047868.38,1047868.38,1047868.38,1047868.38,1047868.38,1047868.38,1047868.38,1047868.38,1047868.38,1047868.38,1047868.38,1047868.38,1047868.38,1047868.38,1047868.38,1047868.38,1047868.38,1047868.38,1047868.38,1047868.38,1047868.38,1028876.72,1047868.38,983812.57,1047868.38,1047868.38,1047868.38,1047868.38,1047868.38,1047868.38,1047868.38,1047868.38,1047868.38,1047868.38,1047868.38,1047868.38,1047868.38,1047868.38,1037997.87,1047868.38,1047868.38,1047868.38,1047868.38,1047868.38,1047868.38
Johnson 3H,Diesel,77349.79,76061.51999999999,75138.16999999998,77349.79,77349.79,81565.43,78511.79999999999,74078.53,77349.79,76462.59,72089.06,77457.17,77168.98,77349.79,77349.79,79018.43,77349.79,77312.18999999999,75155.03,74280.59999999999,76441.51,77815.04999999999,70548.95,78409.45999999999,77349.79,78703.43,83204.01,77349.79,77416.41999999998,80903.56999999999,77877.53,77349.79,75826.84999999999,76001.06,76633.93,75640.15999999999,75135.87999999999,77951.21,75499.79999999999,75988.4,77349.79,77349.79,73220.47,75873.45999999999,74716.65,79559.28,81792.11,77349.79,71163.94,74667.39,79926.69,78044.65,73495.29999999999,80207.54,77349.79,77349.79,78521.48999999999,78592.59,75696.43,78891.62999999999,79204.56999999999,77306.73,77349.79,76680.53,77976.76999999999,74654.75,75569.34999999999,78304.61,77349.79,80401.57999999999,77349.79,75209.73999999999,76802.12,75973.92,76618.44,77189.01,77349.79,80577.04,78535.73999999999,77424.45,74078.53,77349.79,77877.53,75627.68999999999,114395.83999999998,62815.93999999999,77349.79,72032.88999999998,77349.79,78304.61,78044.65,72339.47,77349.79,76653.68,75471.01,75072.67,75094.93000000001,100575.89999999998,77042.20999999999,79021.78,77349.79
Blanco 2H,Turbine,11244.82,11072.23,10687.71,11072.529999999999,10532.56,11244.82,11033.9,11446.85,11549.92,10808.49,11244.82,11521.15,10874.27,11244.82,11680.380000000001,11244.82,11480.289999999999,11244.82,10616.56,11244.82,11244.82,12498.55,11424.95,11244.82,11154.95,11244.82,11100.15,11407.16,11417.14,11244.82,11244.82,10981.43,11356.57,11256.74,11244.82,11244.82,11244.82,11072.529999999999,11194.71,11036.619999999999,10940.22,11244.82,11327.22,11244.82,11244.82,11244.82,11521.15,11244.82,11244.82,11126.79,11244.82,11244.82,11244.82,10772.17,11244.82,11244.82,11244.82,10421.63,11244.82,11278.66,11026.869999999999,11026.869999999999,11244.82,11721.539999999999,11894.579999999998,11758.16,10717.329999999998,11244.82,11244.82,11219.64,11244.82,11302.06,11244.82,10823.779999999999,11514.42,11244.82,11244.82,11244.82,11575.65,11244.82,11009.82,11244.82,11182.73,12026.85,10914.76,11244.82,10944.88,11244.82,10976.24,11244.82,11244.82,11331.23,17141.45,11244.82,11244.82,10781.51,11244.82,11239.14,11381.11,10799.05,10878.41
Johnson 1H,DGB_Diesel,29951.61,30646.47,27674.490000000005,27021.33,29951.61,28582.149999999994,29447.07,34303.5,28841.410000000003,27480.070000000007,29348.759999999995,29951.61,30180.61,27674.490000000005,25669.09,28075.65,29951.61,29951.61,35076.490000000005,30368.739999999998,28384.089999999997,29951.61,26051.729999999996,28475.28,27957.989999999998,30180.61,29951.61,29951.61,29372.59999999999,26836.600000000002,29043.33,29409.5,29951.61,29951.61,39063.009999999995,29758.300000000003,26639.369999999995,28428.67,40840.11,29312.98,29706.33,22033.439999999988,29951.61,32384.37000000001,29951.61,29155.940000000002,29951.61,29951.61,31621.589999999997,33413.13,29109.1,29951.61,29951.61,35725.95,29849.89,29394.660000000003,29951.61,29989.39,32526.479999999996,36209.740000000005,28107.710000000006,26891.809999999998,36561.57000000001,29951.61,29951.61,30123.40999999999,29951.61,29706.33,29921.940000000002,29951.61,29951.61,29994.920000000002,29449.820000000007,29994.920000000002,29951.61,29951.61,27276.660000000003,28886.67,29951.61,26587.620000000003,29372.59999999999,29340.199999999997,27830.190000000002,29951.61,29951.61,43199.14,29951.61,30352.039999999994,33163.29,23852.08,33407.750000000015,30851.25,29951.61,30235.17,29951.61,28080.78,28485.199999999997,29951.61,27357.530000000013,29380.08,29951.61
Johnson 1H,DGB_CNG,9532.84,11780.170000000002,9532.84,9184.18,8458.55,9267.76,8984.55,9532.84,9627.42,9532.84,9532.84,9532.84,9532.84,9272.59,9532.84,9418.92,9532.84,9532.84,9532.84,9532.84,9532.84,9878.18,9532.84,10457.91,9867.490000000002,9532.84,9542.23,10180.52,9096.51,9478.27,9619.380000000001,9364.89,9532.84,9520.01,9399.15,8814.64,9181.6,8930.94,9507.66,9241.960000000001,9365.91,9951.08,9532.84,9162.29,9532.84,9532.84,9532.84,8707.98,8985.78,9532.84,9532.84,10586.48,9532.84,9344.28,9532.84,9532.84,8946.16,9532.84,9017.56,9815.7,9532.84,9392.25,9532.84,10157.029999999999,8904.58,9362.98,9396.73,9532.84,9532.84,9532.84,9532.84,9572.580000000002,9158.54,10464.240000000002,9532.84,9948.86,9577.66,9532.84,9443.93,9712.970000000001,9843.93,9475.07,9532.84,9443.439999999999,9211.759999999998,9532.33,9532.84,9532.84,9532.84,9532.84,9615.24,9532.84,8907.83,9532.84,9532.84,9255.26,9532.84,9532.84,9532.84,9707.89,9166.43
Hillsborough 3H,Diesel,61523.9,61523.9,61523.9,59618.85,60792.55,64927.76,68118.1,74771.43,60057.49,61523.9,60187.78,61794.97,61523.9,61561.68,58978.159999999996,59801.799999999996,64526.909999999996,61983.030000000006,60071.36000000001,68133.86000000002,58686.700000000004,61523.9,61523.9,61882.340000000004,61523.9,61523.9,61523.9,61523.9,84750.00999999998,62235.39000000001,60081.96,61523.9,62844.950000000004,59950.45,61523.9,55116.07,66696.07999999999,57814.04,61942.520000000004,62005.6,58890.76,61523.9,66882.19999999998,59990.23,60028.51,63557.450000000004,60569.52,61523.9,61523.9,61523.9,61523.9,64381.65,60912.49,61523.9,61523.9,58785.75000000001,64870.13,76429.72,63124.96,58650.280000000006,62024.97,57719.329999999994,61523.9,58083.35,61908.4,51702.11000000001,62142.15,64167.46,61715.43,61204.78,61523.9,61523.9,60808.24,63931.8,61523.9,62877.54,55870.63999999999,61317.23,62381.47,62766.64000000001,66913.51999999999,57720.37,59249.19,63310.04,60175.17,70710.53,60877.85,61523.9,60966.950000000004,65081.00999999999,60636.700000000004,59880.780000000006,61523.9,69956.89000000001,65884.68,55764.439999999995,61523.9,55345.69999999999,60150.200000000004,61523.9,61964.25000000001
Penobscot 1H,Turbine,17772.85,17772.85,17772.85,17578.03,17893.21,17215.739999999998,18100.94,18789.329999999998,17772.85,17952.98,17772.85,19026.579999999998,17989.71,17509.46,17341.94,18063.92,17772.85,17715.079999999998,18298.649999999998,19308.14,17772.85,17561.93,17772.85,17680.89,17772.85,17772.85,17344.269999999997,17952.489999999998,17830.089999999997,18091.769999999997,18697.92,18063.92,17877.85,17596.44,17632.26,17772.85,17772.85,17772.85,17612.87,17164.57,16415.87,17772.85,17405.04,17772.85,17772.85,17772.85,17639.159999999996,17772.85,17772.85,17772.85,17772.85,17772.85,17772.85,17351.809999999998,17877.85,17661.32,17819.019999999997,17772.85,17819.019999999997,17772.85,17675.269999999997,18499.41,18432.55,18532.12,17944.29,17772.85,17660.1,17772.85,17566.35,18314.909999999996,17772.85,18044.43,17225.79,17772.85,17772.85,18100.26,17504.269999999997,17772.85,17772.85,17803.6,17772.85,17718.28,17772.85,17660.1,17772.85,17772.85,17772.85,17772.85,17683.449999999997,17464.19,17772.85,17772.85,17772.85,17817.67,17772.85,17795.68,17772.85,17772.85,17772.85,17330.36,17772.85
St. John the Baptist 4H,Grid,907722.94,907722.94,907722.94,907722.94,907722.94,907722.94,907722.94,907722.94,907722.94,907722.94,907722.94,907722.94,907722.94,907722.94,907722.94,907722.94,907722.94,907722.94,907722.94,907722.94,907722.94,907722.94,907722.94,907722.94,907722.94,907722.94,907722.94,907722.94,907722.94,907722.94,907722.94,907722.94,907722.94,907722.94,907722.94,907722.94,907722.94,914238.0,907722.94,907722.94,892197.3999999999,907722.94,907722.94,907722.94,907722.94,907722.94,907722.94,907722.94,927477.5099999999,907722.94,907722.94,907722.94,907722.94,907722.94,907722.94,907722.94,907722.94,907722.94,907722.94,907722.94,907722.94,907722.94,907722.94,907722.94,907722.94,907722.94,907722.94,907722.94,907722.94,907722.94,907722.94,907722.94,907722.94,907722.94,907722.94,907722.94,907722.94,907722.94,907722.94,907722.94,907722.94,907722.94,907722.94,907722.94,907722.94,907722.94,907722.94,907722.94,907722.94,907722.94,907722.94,907722.94,907722.94,907722.94,907722.94,907722.94,907722.94,907722.94,907722.94,907722.94,907722.94
Ouachita 4H,Diesel,168568.08,169616.90999999997,171865.87,168797.08,169611.94999999998,168775.96999999997,170669.58,168568.08,168568.08,169564.96999999997,168568.08,180353.50999999998,164754.65,166814.97999999998,170068.57,164972.97999999998,168568.08,168568.08,168568.08,169837.22999999998,168662.71,168568.08,168568.08,168568.08,164753.07,170538.52,162845.97999999998,167871.96999999997,169191.40999999997,168797.02999999997,168568.08,166946.15,168568.08,168174.74,169732.63,167108.93,168568.08,163313.43,168568.08,170418.82,172202.69,167613.69999999998,168548.53999999998,167956.66999999998,170013.68,168253.43,168568.08,167343.78999999998,168568.08,168568.08,162968.75,166302.69,168568.08,169069.15,167497.68,167334.74,168568.08,167032.13,168568.08,167989.06999999998,169928.90999999997,167126.13999999998,168010.41999999998,168568.08,167364.69,165296.81999999998,168568.08,168568.08,168568.08,168568.08,168952.75,174535.27999999997,168568.08,168568.08,170422.86,179964.58,168373.83,168648.99,168568.08,168568.08,171551.00999999998,172809.81,168568.08,172783.71999999997,167279.81,169837.22999999998,168807.28,168112.56,168568.08,168568.08,168568.08,168807.28,170418.82,173948.78,168568.08,178013.44,168568.08,165382.13999999998,168373.83,169887.16999999998,167929.44999999998
Shelby 3H,Diesel,85423.24,87268.85,85000.0,84917.66,85423.24,82067.37000000001,85423.24,84580.73000000001,81731.78,85423.24,85888.5,85177.96,85423.24,85385.64,85652.19,83964.09000000001,85160.44,86965.08,84970.98000000001,92727.63,83044.76000000001,88475.03,85423.24,85880.15000000001,83579.34000000001,82740.84000000001,85423.24,85000.0,86508.14,91886.98000000001,87863.8,85238.37,87218.17000000001,85423.24,83168.38000000002,85423.24,83104.54000000001,85229.93000000001,85423.24,83849.79000000001,85466.55,83429.62,85423.24,85423.24,84859.05,85423.24,86587.79000000001,85423.24,85423.24,85423.24,89798.94,85423.24,85423.24,80366.5,82306.55,86504.54000000001,85875.11000000002,85423.24,85475.35,81713.38,89784.02,94868.6,88035.90000000001,87856.00000000001,85423.24,87470.99,85423.24,70889.39,86280.81,84879.66,85475.35,85423.24,83887.29000000001,85423.24,85423.24,79889.99,85423.24,93922.81999999999,82205.43000000001,85423.24,85423.24,86284.8,85423.24,81044.87000000001,87273.98000000001,85423.24,91253.18000000001,85423.24,85423.24,86116.69,79284.59,85423.24,85423.24,81619.71,86999.47,85105.23000000001,84414.40000000001,78507.69,87867.32,82594.85,100329.06000000001
Oldham 2H,Diesel,63919.69,62849.29,64278.130000000005,60555.700000000004,63019.40000000001,63919.69,64831.79000000001,60479.14,58375.490000000005,76535.37,61189.57000000001,63464.17000000001,60880.23999999999,63919.69,57369.7,66370.49,61600.990000000005,63659.7,63919.69,63919.69,64014.32,60758.47,66563.25,63486.91,64094.380000000005,64266.490000000005,62383.740000000005,62300.14,63919.69,63672.0,61520.75,64148.64,63832.5,63919.69,63919.69,63919.69,60778.96000000001,58451.76,65578.98,62043.73,63957.47,63919.69,64338.310000000005,59655.79,64000.600000000006,63778.0,63919.69,62151.61,62643.05,63919.69,54097.90000000001,67672.93000000001,61438.65,63919.69,63496.450000000004,64353.36,64809.33,66589.37,63919.69,64105.380000000005,63662.81,63135.37,63369.8,66494.56,63919.69,58458.630000000005,60701.880000000005,63919.69,62904.64,67323.55,63919.69,63919.69,62717.91,64526.72,62069.7,67110.53,62266.33,57369.7,63919.69,78825.51000000001,62910.850000000006,63919.69,63919.69,63957.47,67516.87,63691.54000000001,61170.810000000005,66857.23,63919.69,63919.69,63919.69,62139.25,63919.69,63919.69,61748.950000000004,63093.36,57926.61,68280.47,62830.61,65105.64,63919.69
Screven 4H,Diesel,124387.92,123482.78,124387.92,124387.92,118519.45999999999,124387.92,126047.20999999999,121765.79,122072.29,123099.01,126242.7,122113.20999999999,122394.29999999999,125199.54,122027.98,123695.26999999999,124387.92,123184.53,133833.28,124387.92,123883.38,124387.92,124930.54,122175.84,121200.26,119063.93,124387.92,124267.34000000001,126489.42,123284.12,124387.92,123823.73,116469.74999999999,124387.92,124387.92,126007.42,124267.34000000001,125711.3,127903.11,124387.92,124387.92,129062.58,124387.92,121247.19,132084.76,124665.18,120683.03,123792.58,124125.12,120108.63,127057.59999999999,124387.92,124387.92,124387.92,126680.48,121344.47,123826.05,126828.2,123014.22,124140.23,123672.06,126047.20999999999,121247.19,124387.92,118492.76,126587.73999999999,121639.04000000001,125245.78,118519.45999999999,124387.92,109854.06999999999,125084.76,122580.42,125271.74999999999,124387.92,123545.41,123545.41,127779.84,124387.92,124387.92,124387.92,124127.93,124387.92,124387.92,123713.44,120009.55,124387.92,128846.06999999999,121639.04000000001,124387.92,123958.12,124391.75,125869.56999999999,124387.92,118926.86,124387.92,124387.92,126646.06999999999,147614.02999999997,123561.59,124387.92
Montgomery 1H,Diesel,87292.14,87292.14,89700.04000000001,83587.25,87292.14,86878.4,88868.37,87292.14,87292.14,84746.4,84916.84,93066.48,82150.43,86576.48,87292.14,91750.29,86720.61,86396.95999999999,85930.75,89146.92,84992.76999999999,87292.14,83477.13,83028.23999999999,88833.98,86720.61,86192.21,87292.14,87710.76000000001,86605.23,87292.14,87889.75,87292.14,94805.17,89877.91,87746.93,86420.1,88373.44,85811.09,99077.56999999999,88191.78,86252.09,93098.68000000001,87292.14,87292.14,81638.87999999999,89732.7,87575.7,87292.14,87292.14,86787.6,83545.54000000001,81638.87999999999,86234.23,80157.9,87292.14,87292.14,84222.95,82978.39,87292.14,86953.91,87709.26999999999,87292.14,87277.70999999999,87292.14,89172.04,88336.01,86515.56999999999,85081.79000000001,98327.49,87292.14,85081.79000000001,89501.63,87292.14,89847.17,87292.14,98688.64,86227.2,87292.14,86407.95999999999,90478.72,88725.71999999999,85741.94,90589.93,87292.14,85097.38,85387.09,84177.13,87097.89,87292.14,85645.37,85560.9,87292.14,87292.14,93198.83,87292.14,88876.89,87292.14,87035.26,87013.25,83436.33
Owyhee 1H,Grid,1023115.96,1023115.96,1023115.96,1118988.19,1016498.95,1023115.96,1023115.96,1023115.96,1023115.96,1023115.96,1014862.11,1023115.96,1023115.96,1023115.96,1023115.96,1023115.96,1014862.11,1023115.96,1023115.96,1023115.96,1023115.96,1023115.96,1023115.96,1023115.96,1023115.96,1023115.96,1023115.96,1023115.96,1023115.96,1023115.96,1023115.96,1023115.96,1023115.96,1023115.96,1023115.96,1023115.96,1023115.96,1023115.96,1023115.96,1023115.96,1004567.2799999999,1023115.96,1023115.96,1007590.4199999999,1023115.96,1023115.96,1023115.96,1023115.96,1023115.96,1023115.96,1023115.96,1023115.96,1023115.96,1023115.96,1023115.96,1023115.96,1023115.96,1023115.96,1023115.96,1023115.96,1023115.96,1023115.96,1023115.96,1023115.96,1023115.96,1009075.09,1023115.96,1023115.96,1023115.96,1023115.96,1023115.96,1023115.96,1023115.96,1023115.96,1023115.96,1023115.96,1023115.96,1023115.96,1023115.96,1023115.96,1023115.96,1023115.96,1023115.96,1023115.96,1023115.96,230940.18999999994,1023115.96,1023115.96,1023115.96,1023115.96,1023115.96,1023115.96,1023115.96,1023115.96,1023115.96,1023115.96,1023115.96,1023115.96,1023115.96,1003872.47,1023115.96
Okfuskee 5H,Turbine,8512.66,8038.919999999998,8512.66,8512.66,8512.66,8391.72,8648.95,8339.59,8512.66,11036.21,8512.66,8512.66,9307.349999999999,8980.71,9547.74,8512.66,8652.1,9156.740000000002,7929.9,7849.030000000001,8512.66,8512.66,8512.66,8692.3,7919.43,8512.66,8512.66,8416.07,8512.66,8512.66,8512.66,8512.66,8618.419999999998,8512.66,8086.720000000001,8512.66,8512.66,8568.720000000001,8769.32,8512.66,8038.919999999998,8028.200000000001,8512.66,8416.07,8512.66,8512.66,7770.66,8714.69,8644.81,8512.66,8512.66,8512.66,8512.66,10749.150000000001,8410.41,8617.66,8512.66,7689.469999999999,8512.66,8512.66,8652.1,8981.529999999999,8010.15,8512.66,8512.66,8067.049999999999,8512.66,8512.66,8512.66,8512.66,8512.66,8512.66,8142.110000000001,8512.66,8512.66,8512.66,8512.66,8703.23,8772.23,8512.66,8512.66,8512.66,7985.169999999998,8512.66,9444.060000000001,8512.66,8512.66,8915.900000000001,8512.66,9156.740000000002,8068.030000000001,8660.78,8498.96,8512.66,8221.78,8692.79,8076.33,8512.66,8512.66,8512.66,8637.58
Washita 3H,Turbine,15509.91,15509.91,15509.91,15509.91,15815.01,15359.28,15509.91,15509.91,15211.880000000001,15509.91,15509.91,15509.91,14982.419999999998,15509.91,15672.25,15596.45,15596.32,15452.14,15451.08,14807.03,15352.150000000001,15509.91,15509.91,15794.41,15509.91,15509.91,15509.91,15235.73,15345.88,15509.91,15083.970000000001,15752.41,15509.91,14994.63,15443.33,16064.78,15509.91,17739.04,14669.17,15549.650000000001,15509.91,15509.91,15253.73,14868.119999999999,15509.91,15509.91,15509.91,15509.91,15754.07,15509.91,15509.91,14881.65,15352.8,15068.36,15509.91,16488.42,16159.669999999998,15509.91,15821.0,15509.91,15509.91,15509.91,15509.91,17595.39,15509.91,15509.91,15509.91,14961.619999999999,15060.76,15589.25,15821.0,15509.91,15509.91,15509.91,15509.91,15986.63,15509.91,15298.94,15509.91,14775.84,15840.74,15509.91,15509.91,15298.94,17433.19,15509.91,14791.71,15179.85,16106.16,15519.3,14743.65,15522.43,15509.91,15621.57,15509.91,15509.91,15509.91,15509.91,14406.96,15358.15,15509.91
Beaufort 2H,Turbine,16958.16,16958.16,17889.56,16958.16,17052.739999999998,16958.16,16958.16,16958.16,16958.16,16958.16,17154.52,16958.16,16958.16,16364.93,16958.16,16356.26,16958.16,16958.16,16958.16,16958.16,16694.77,15297.529999999999,16958.16,16958.16,17379.14,16958.16,16958.16,16958.16,16785.87,16958.16,16958.16,16958.16,16821.95,17036.440000000002,16785.57,16958.16,16680.58,16958.16,16958.16,18192.91,16516.08,16958.16,17083.08,16958.16,16923.489999999998,16958.16,17242.72,16959.7,16958.16,16958.16,17252.84,16923.489999999998,16958.16,16494.85,16958.16,16809.62,16162.53,16958.16,16958.16,16958.16,16958.16,16958.16,17420.17,15916.83,16674.98,16239.24,16903.59,16958.16,16958.16,16001.189999999999,16958.16,16571.1,17202.32,16402.77,16780.54,18144.46,16527.25,17087.28,16571.1,16958.16,17582.35,18192.91,16958.16,18786.39,16958.16,16944.25,16606.739999999998,16349.880000000001,16795.34,17158.79,16409.87,16848.18,16958.16,16958.16,16121.03,19693.77,16958.16,17199.3,16958.16,16001.189999999999,16776.68
Adams 5H,DGB_Diesel,21966.2,21966.2,21966.2,19152.530000000002,17683.68,19666.829999999998,19639.670000000002,21327.57,21966.2,21966.2,24406.76,28429.940000000006,15050.650000000001,24224.349999999995,21229.76,21966.2,21966.2,18926.74999999999,25054.570000000003,27138.379999999994,20860.129999999994,20443.26,21966.2,21394.670000000002,20095.37,30562.320000000003,17656.81,19372.120000000014,21966.2,22376.02,21966.2,24406.76,25186.460000000003,21966.2,18778.539999999997,20513.660000000007,23542.429999999997,20674.300000000007,20592.500000000004,25517.149999999998,21966.2,21363.349999999995,20061.149999999998,21966.2,18845.969999999998,20090.24,24280.750000000004,21071.02,20255.030000000002,21658.62,21966.2,21845.620000000014,19291.250000000004,23036.239999999994,21966.2,18763.09,21966.2,28429.940000000006,20856.000000000004,21966.2,22243.459999999995,19271.16,28429.940000000006,21966.2,23567.26,22346.250000000004,21966.2,21810.129999999994,21966.2,21966.2,16955.88,22777.819999999996,23999.750000000004,22243.459999999995,21966.2,18763.09,21296.940000000006,17652.45,18640.470000000005,21966.2,21966.2,18922.750000000004,38735.17999999999,25370.06,21135.06,22432.899999999998,21181.88,17463.409999999993,14831.960000000003,21966.2,21966.2,19247.570000000003,22498.05,16505.14,25054.570000000003,24258.76,21966.2,21416.31,21966.2,21966.2,20960.899999999998
Adams 5H,DGB_CNG,6710.56,6432.9800000000005,6710.56,10158.77,6696.650000000001,6710.56,7179.429999999999,6710.56,6710.56,6710.56,6542.61,6651.670000000001,7131.54,6710.56,6736.7300000000005,6710.56,6710.56,6710.56,6710.56,6712.100000000001,9486.36,6966.340000000001,6710.56,6466.090000000001,6710.56,6710.56,7223.12,6639.34,7505.249999999999,7228.180000000001,6835.4800000000005,6710.56,6373.510000000001,6710.56,6449.13,5922.580000000001,6710.56,7019.830000000001,6743.580000000001,7358.240000000001,6160.000000000001,6710.56,6710.56,6710.56,7358.240000000001,7045.210000000002,6454.38,6693.7699999999995,6757.63,6710.56,6599.38,6710.56,6157.580000000001,6579.330000000001,6914.160000000001,6710.56,7622.660000000001,5731.45,6108.660000000001,6710.56,6661.330000000001,6710.56,6082.01,6710.56,6710.56,6710.56,7492.590000000001,6986.89,8751.810000000001,5998.3,6710.56,6710.56,6600.580000000001,6710.56,6284.620000000002,7055.900000000001,6710.56,6515.740000000001,6162.2699999999995,6822.22,6710.56,6719.8,6903.830000000001,6710.56,6710.56,6710.56,6730.499999999999,6751.54,6710.56,6858.680000000001,6588.06,6710.56,6427.38,6097.43,6710.56,6710.56,6621.159999999999,6046.930000000001,6160.000000000001,6710.56,6710.56
Northern Islands 2H,DGB_Diesel,37865.88,34169.89000000001,38408.4,31458.049999999996,30548.21,47311.24,37865.88,33950.619999999995,39836.32,37865.88,37472.54,36530.229999999996,38283.009999999995,39969.75,39658.29,37546.759999999995,39184.969999999994,38492.85999999999,35995.049999999996,44243.62,37264.74,37191.4,37865.88,38028.28,35611.02000000001,37865.88,37865.88,37865.88,42756.689999999995,37865.88,40868.88999999999,37865.88,46353.409999999996,34169.89000000001,37865.88,38284.5,39537.87,37865.88,37865.88,38887.459999999985,35183.24,44243.62,39299.459999999985,37865.88,37865.88,39746.24,36222.76,36807.969999999994,34538.04,40065.7,39366.37,34061.30999999999,37865.88,35653.799999999996,34752.909999999996,37865.88,40922.82,36015.88999999999,40848.80999999999,34062.35,37865.88,38577.37,37182.21,36220.88,37865.88,37400.63,34050.87,37865.88,37940.54,31458.049999999996,37527.65,33324.17999999999,37865.88,37865.88,37865.88,46298.87,37865.88,38245.93,35266.63,38299.549999999996,37865.88,36231.719999999994,33103.5,39035.10999999999,40369.299999999996,33324.17999999999,37851.45,37865.88,37865.88,28044.090000000004,34725.15,37865.88,35748.869999999995,32266.549999999996,39017.02,38950.77999999999,38408.4,43720.1,32548.979999999996,33103.5,29947.709999999985
Northern Islands 2H,DGB_CNG,11696.99,11196.85,11696.99,11794.11,11038.43,11546.36,11696.99,11696.99,12006.26,11696.99,11918.1,11068.19,11524.699999999999,11696.99,12422.81,11607.12,12918.27,12345.039999999999,11696.99,11696.99,11725.42,11181.1,11634.9,11696.99,11696.99,11254.91,10387.53,11696.99,11696.99,11696.99,11696.99,14472.789999999999,10500.21,11696.99,11696.99,11696.99,11309.93,11194.48,10930.73,11696.99,11638.1,11803.949999999999,13738.24,11271.050000000001,13357.65,11696.99,11696.99,12632.91,12422.81,11696.99,11696.99,11709.18,11696.99,11696.99,11247.84,11696.99,11696.99,11696.99,11696.99,11576.05,11696.99,11696.99,11696.99,11696.99,11696.99,11275.460000000001,11696.99,13933.480000000001,11696.99,11169.499999999998,11537.01,12145.449999999999,11696.99,11473.359999999999,11212.57,11696.99,11696.99,12750.63,11696.99,11653.65,11945.449999999999,11696.99,11696.99,12798.93,11696.99,11696.99,12176.109999999999,11031.980000000001,11803.289999999999,12918.27,11696.99,11526.99,11548.449999999999,11889.24,11929.88,11207.0,11696.99,11696.99,11565.76,12050.789999999999,11696.99
San Luis Obispo 4H,DGB_Diesel,25027.19,25027.19,20916.39999999999,26226.399999999998,25849.89000000001,21586.639999999996,25027.19,26611.94,23453.739999999998,25027.19,23622.48,25027.19,33001.64,25027.19,25027.19,25027.19,31637.150000000005,28373.419999999995,26529.579999999998,25027.19,28566.299999999985,25654.169999999995,24571.67000000001,22104.430000000004,27128.69,26508.839999999993,21761.05,27236.680000000004,25027.19,24295.84,23622.06,27621.05,26380.829999999998,24674.05,25027.19,24485.079999999998,30857.13,25722.05,25027.19,28578.139999999996,25283.2,25027.19,25027.19,24132.01,25027.19,25027.19,25027.19,27823.080000000013,25027.19,25027.19,25027.19,23384.070000000003,26460.769999999986,26304.67000000001,22352.24,21222.589999999993,16475.91,25027.19,30385.489999999987,25027.19,24799.040000000005,25027.19,25274.7,25027.19,25027.19,21222.61999999999,21761.05,26071.059999999998,26296.339999999993,19710.289999999997,25070.5,21243.400000000005,25027.19,25192.850000000002,26094.69,25027.19,27670.749999999996,25027.19,25027.19,23493.52,21181.99,24018.350000000002,25027.19,25027.19,27341.74,26021.229999999992,24712.539999999997,28653.09,25027.19,27163.199999999993,25720.639999999996,23548.539999999997,25027.19,23622.06,31374.650000000005,23113.94,24846.38,23735.290000000005,24238.37,24465.32,25027.19
San Luis Obispo 4H,DGB_CNG,11942.88,11909.46,11942.88,12100.99,11223.96,12233.06,11942.88,11710.449999999999,11942.88,12237.56,10585.9,11779.109999999999,11863.289999999999,12771.38,11947.25,11942.88,11942.88,11942.88,11771.669999999998,11942.88,11942.88,12363.859999999999,11942.88,11942.88,11942.88,11501.33,11845.699999999999,11942.88,11942.88,10942.91,11277.87,11942.88,10662.5,12460.5,11806.769999999999,11942.88,12231.41,11942.88,13586.359999999999,11076.859999999999,10633.42,12286.23,11899.099999999999,10958.67,13044.82,11942.88,11942.88,11942.88,11942.88,12391.339999999998,12363.859999999999,12363.859999999999,11790.33,11440.369999999999,12794.429999999998,11929.18,12771.38,11942.88,11774.089999999998,11942.88,12122.519999999999,11942.88,11942.88,11942.88,11811.65,11522.56,11942.88,11942.88,11638.019999999999,13085.4,11942.88,12892.960000000001,11942.88,11942.88,11914.199999999999,10633.42,11934.98,11845.699999999999,11944.42,14335.909999999998,11497.269999999999,12540.24,12410.929999999998,11942.88,11942.88,11942.88,12693.71,11084.22,11942.88,11942.88,11942.88,11942.88,11942.88,11468.22,11942.88,11105.75,11942.88,11754.509999999998,11415.389999999998,11942.88,11571.97
Clay 4H,Diesel,94350.58,97642.45000000001,100320.06,93681.32,92857.2,91038.29000000001,91930.08,96643.14,103555.84,94350.58,94350.58,94350.58,98941.29000000001,92728.65000000001,94393.89,93768.93,97369.82,97407.52,93068.22,95970.08,92479.75,93839.64,94350.58,92705.58,94350.58,94350.58,100180.52,96034.3,93771.56999999999,93784.11,94815.84,98315.28000000001,117576.68999999999,94350.58,102838.11,103537.21,91132.77,94350.58,94350.58,94697.38,96801.38,94878.32,94350.58,95419.14,94948.19,91338.02,94802.45000000001,94350.58,93341.74,94350.58,94350.58,95475.67,95418.08,93508.07,94350.58,88889.52,95704.22,91132.02,93808.47,94350.58,93396.2,94350.58,93786.39,95325.54000000001,94350.58,93341.74,95522.28,94351.99,91620.46,94350.58,100590.31,93920.78,95522.28,93285.64,94490.64,102783.57,98702.47,92073.46,96838.82,94381.13,93554.91,94350.58,96452.08,91498.63,94350.58,94350.58,92728.65000000001,100317.78,84528.79000000001,97987.46,94350.58,92513.12,94350.58,94350.58,105239.08,94350.58,94350.58,96196.19,90535.57,94350.58,94035.93
Tuolumne 3H,Turbine,11512.81,11519.31,11797.369999999999,11512.81,11512.81,10934.99,10528.6,11512.81,11512.81,11977.58,11512.81,11469.029999999999,11512.81,11840.22,11512.81,11512.81,11876.279999999999,11028.39,11415.63,12162.569999999998,11270.71,10687.949999999999,11784.390000000001,10934.71,11512.81,11138.51,11295.74,11505.640000000001,11512.81,11512.81,11512.81,11145.0,12160.49,11512.81,10997.64,11512.81,10203.35,11115.21,11512.81,12991.57,11326.98,11512.81,11512.81,11205.34,11886.46,11512.81,11607.39,11512.81,12991.57,10959.83,11512.81,11512.81,11512.81,13716.31,11411.67,11472.4,11512.81,11411.67,11695.109999999999,12814.76,11512.81,11597.66,11742.0,11789.14,11175.76,7884.339999999999,11938.439999999999,11512.81,10858.34,6944.86,11512.81,11512.81,11512.81,12780.67,11512.81,11904.85,11915.109999999999,11221.57,11288.669999999998,11512.81,11512.81,11512.81,11270.71,11512.81,11512.81,11512.81,11504.91,10809.93,11512.81,11288.539999999999,10628.169999999998,11411.67,11381.58,11512.81,11532.749999999998,11512.81,11512.81,11268.34,12614.75,12135.35,11512.81
Pinellas 2H,Grid,1197099.31,1197099.31,1197099.31,1197099.31,1197099.31,404923.54000000004,1197099.31,1197099.31,1197099.31,1197099.31,1197099.31,1197099.31,1197099.31,1197099.31,1197099.31,1197099.31,1197099.31,1197099.31,1197099.31,1197099.31,1197099.31,1197099.31,1197099.31,1158332.1800000002,1197099.31,1197099.31,1197099.31,1197099.31,1197099.31,1197099.31,1197099.31,1197099.31,1197099.31,1197099.31,1197099.31,1197099.31,1197099.31,1197099.31,1197099.31,1197099.31,1197099.31,1197099.31,1197099.31,1197099.31,1197099.31,1197099.31,1181573.77,1197099.31,1197099.31,1197099.31,1197099.31,1197099.31,1197099.31,1197099.31,1178107.6500000001,1197099.31,1197099.31,1197099.31,1197099.31,1197099.31,1197099.31,1197099.31,1197099.31,1197099.31,1197099.31,1197099.31,1197099.31,1197099.31,1197099.31,1197099.31,1197099.31,1223056.7400000002,1197099.31,1197099.31,1197099.31,1197099.31,1197099.31,1197099.31,1197099.31,1197099.31,1197099.31,1197099.31,1197099.31,1116005.23,1197099.31,1197099.31,1197099.31,1197099.31,1197099.31,1197099.31,1197099.31,1197099.31,1197099.31,1197099.31,1197099.31,1197099.31,1197099.31,1197099.31,1197099.31,1197099.31,1197099.31
Dewey 1H,DGB_Diesel,53749.17,50628.939999999995,53319.369999999995,53749.17,48494.520000000004,53170.15999999999,50307.3,53749.17,53749.17,56418.84999999999,46614.93,52282.759999999995,59603.39,53749.17,53749.17,53749.17,54610.729999999996,53749.17,53316.39,53749.17,53515.77,53749.17,53749.17,53749.17,55885.17999999999,53771.55,54158.99,51474.46,47854.009999999995,54250.24,53749.17,59654.46000000001,56252.59,53749.17,53749.17,54729.47,54206.08,53749.17,52227.95999999999,53729.63,52102.4,52799.130000000005,55594.78,52953.5,53749.17,52744.02,46614.93,53771.55,54167.79,50706.15,55853.04,49204.979999999996,52344.04,53934.86,54376.149999999994,53372.520000000004,53749.17,46431.5,51225.52,53891.34000000001,53749.17,50589.649999999994,57622.21999999999,48866.979999999996,54291.69,53749.17,55824.69,54793.03999999999,53749.17,53749.17,53749.17,47756.09,52678.77,50423.44,53749.17,51011.020000000004,50709.71999999999,51991.71,51632.91,53062.259999999995,53749.17,53749.17,53815.799999999996,53749.17,49204.979999999996,52972.92,47989.70999999999,53638.34999999999,53749.17,52799.130000000005,51931.39,53749.17,62248.749999999985,52645.369999999995,54724.13,53110.54,57210.689999999995,55230.81999999999,53749.17,54129.22,53749.17
Dewey 1H,DGB_CNG,15833.01,15383.86,15833.01,15833.01,15787.45,15833.01,15833.01,15833.01,15332.87,15443.960000000001,15833.01,15558.83,15833.01,15699.32,15857.81,15833.01,15833.01,15199.57,15208.0,15986.24,15413.89,15833.01,15917.86,15842.400000000001,16161.08,16049.87,15833.01,15833.01,15842.400000000001,16087.48,15833.01,15833.01,15250.25,15801.34,15833.01,16033.64,15744.1,15511.929999999998,15833.01,16036.61,15833.01,15833.01,15768.78,15833.01,15098.94,14995.880000000001,15833.01,15861.44,17476.489999999998,15833.01,15833.01,15833.01,15833.01,15819.310000000001,15123.300000000001,15833.01,16128.56,15571.48,17661.239999999998,15461.39,15833.01,15833.01,15833.01,15833.01,15589.62,15833.01,16121.54,15622.04,15622.04,15820.640000000001,16309.73,15833.01,15621.07,15824.9,15833.01,15542.130000000001,15912.35,16142.28,15833.01,15833.01,15919.550000000001,15833.01,15957.93,15833.01,15833.01,16745.11,11371.97,15688.34,15793.52,15833.01,15833.01,15833.01,15833.01,15833.01,15799.59,15833.01,16249.03,15644.64,15833.01,15833.01,15736.42
Jefferson 1H,Diesel,83007.89,76207.05,81102.84,86194.47,83007.89,82135.85,79894.92,81719.62,82575.11,76514.51,83007.89,82171.56999999999,84132.98,83007.89,83007.89,80632.59,80890.88,84076.45,83007.89,85092.68,82053.51,99776.87,81725.53,79891.2,83007.89,82311.78,84768.18,83007.89,81806.11,82311.78,83007.89,81094.64,81250.43,83170.85,84510.28,79092.63,84828.39,83038.44,83205.01,83007.89,83007.89,84676.53,82099.61,79108.01,83993.61,77546.83,83007.89,80608.95,83051.2,83007.89,83007.89,85217.38,77474.64,83007.89,83007.89,83007.89,82464.31,83007.89,83007.89,83074.51999999999,99776.87,77690.98999999999,87798.47,80325.25,83007.89,92453.25,83007.89,80510.23,83007.89,82788.62,82607.04,81190.11,83007.89,84274.04000000001,82219.07,83007.89,82584.65,83074.51999999999,79821.95,82053.51,78698.5,84159.03,82813.64,89617.85,77112.73,83417.70999999999,84071.96,83614.92,91139.21999999999,83007.89,80385.76,83614.92,83007.89,82299.75,85055.64,83007.89,83007.89,78466.19,83007.89,81174.61,84677.87
Lake 2H,DGB_Diesel,57015.47,57015.47,54575.57000000001,54803.85,54382.33,56321.05,58085.509999999995,57254.67000000001,57015.47,57178.43000000001,57015.47,57015.47,68411.97,57400.14,58410.45999999999,54760.610000000015,57015.47,57015.47,56279.03,57015.47,57015.47,58807.880000000005,59273.619999999995,57015.47,56704.41,57015.47,57015.47,57155.53,58187.17,60034.71,57015.47,57015.47,56231.15,58090.130000000005,57015.47,57157.640000000014,57015.47,55764.899999999994,58497.119999999995,54614.58,57015.47,57015.47,58684.11,57015.47,64989.92,56457.81,56544.96000000001,57015.47,53514.76999999999,57076.05,60202.05,58214.68,57015.47,59339.990000000005,54803.85,57015.47,57015.47,57015.47,57015.47,57015.47,59590.34,55610.340000000004,57190.16,57015.47,57015.47,52751.57,57015.47,57015.47,57015.47,58643.71000000001,49913.97,53202.04,51698.57,57320.8,56376.840000000004,54826.72,59224.96000000001,61906.28,57015.47,57015.47,57015.47,60476.99,57663.64,57015.47,59063.22,58084.03,57015.47,54613.69,56449.0,54739.71000000001,56758.59,54517.81,56457.81,55655.149999999994,75886.17000000001,58258.270000000004,58171.42,57015.47,58082.97,58292.95000000001,57015.47
Lake 2H,DGB_CNG,12228.01,12228.01,12228.01,12228.01,12228.01,12810.03,12228.01,12228.01,12228.01,12745.630000000001,12228.01,12497.61,12477.06,11754.269999999999,12227.5,12228.01,12476.050000000001,12307.35,11727.87,13628.29,12228.01,12063.98,12228.01,12228.01,12228.01,12576.88,12228.01,12268.99,12527.19,12228.01,12228.01,12573.35,12228.01,11913.35,11967.76,12228.01,12228.01,12059.22,11978.53,11984.62,12228.01,13462.76,12228.01,12690.019999999999,12033.19,11988.02,12954.570000000002,12193.34,12228.01,12228.01,12228.01,12228.01,12091.800000000001,12334.97,11808.89,12228.01,11588.71,12428.64,12228.01,12340.07,12228.01,13462.76,12070.250000000002,11953.54,11670.9,12228.01,12228.01,12228.01,12535.67,12228.01,11879.35,12228.01,12408.140000000001,12228.01,12194.78,12168.57,12214.1,12247.32,12457.2,12228.01,11677.45,12228.01,12003.74,12182.74,12228.01,11657.7,12168.57,12039.64,12099.48,12228.01,12138.609999999999,13178.090000000002,12535.67,13140.11,12228.01,12228.01,11614.880000000001,12077.380000000001,11186.68,11754.269999999999,12070.250000000002
Chenango 8H,Turbine,11770.03,12564.72,11770.03,11776.53,13855.51,12018.070000000002,11849.37,11770.03,11575.210000000001,12173.090000000002,11770.03,10667.08,11770.03,11558.09,11770.03,11770.03,10101.220000000001,12188.27,11575.210000000001,11770.03,13023.11,11770.03,12312.09,13023.76,11770.03,11060.320000000002,11187.27,10736.380000000001,11906.32,11530.04,11770.03,12041.610000000002,12118.9,12079.300000000001,11530.04,11766.140000000001,11770.03,11770.03,11770.03,11770.03,11770.03,11472.000000000002,11770.03,11770.03,11770.03,11738.36,11770.03,11647.53,11770.03,11770.03,11770.03,13248.79,12312.09,12019.08,11770.03,11770.03,11770.03,11770.03,11770.03,11703.92,11770.03,12419.789999999999,11770.03,12097.44,11297.380000000001,11678.070000000002,11596.960000000001,11770.03,11295.37,11881.78,11770.03,11730.54,11852.43,11826.09,11285.61,11770.03,11770.03,11770.03,11703.45,11770.03,11770.03,11698.810000000001,11770.03,11770.03,11432.980000000001,11770.03,10790.92,11770.03,11051.11,11770.03,11333.0,11192.210000000001,11836.630000000001,11051.11,11770.03,11770.03,11729.62,11782.220000000001,11757.660000000002,11770.03,11770.03
Clark 3H,DGB_Diesel,24961.55,26160.76,25558.749999999996,24961.55,27757.440000000013,23117.650000000005,27037.070000000003,24961.55,23886.579999999998,22601.61,24961.55,23600.16,23855.479999999992,24961.55,23170.960000000003,15139.760000000006,30351.169999999995,21892.36,23503.23,31425.290000000005,24961.55,22147.88,26631.529999999995,24819.859999999997,24961.55,25849.460000000003,24193.69,25133.349999999988,24961.55,25190.499999999996,25609.719999999998,24961.55,21096.210000000003,30342.25000000001,24961.55,23519.609999999997,32936.0,24419.44,30133.729999999992,24961.55,25579.8,24961.55,24961.55,28173.23,18046.0,24961.55,25936.51,24961.55,23665.6,24961.55,29177.19,24917.69,24961.55,23601.229999999992,23679.19,26569.38,23607.44,24961.55,24961.55,23855.479999999992,19700.819999999996,33449.08,19093.089999999993,23612.819999999996,29680.77,27171.040000000005,25341.600000000002,22087.930000000004,24961.55,24510.66,25103.720000000012,24961.55,24560.699999999993,24800.77,22910.66,21635.820000000003,22696.16,26356.53999999999,24011.510000000006,24353.499999999996,22911.19,28834.599999999988,24074.350000000002,24459.760000000006,24961.55,24961.55,24961.55,24053.27,19308.28999999999,23388.1,22967.929999999997,24961.55,23480.499999999996,22916.1,24961.55,29852.359999999997,23851.350000000002,23684.91,24961.55,28365.41,24287.070000000003
Clark 3H,DGB_CNG,9457.88,9457.88,9618.49,9457.88,9457.88,9457.88,10365.3,9457.88,9477.819999999998,9147.88,9457.88,9457.88,9457.88,9457.88,9034.759999999998,9498.859999999999,9457.88,9457.88,10407.960000000001,9457.88,8715.88,8756.17,9100.56,9403.08,9597.269999999999,9515.119999999999,9398.439999999999,9457.88,9288.019999999999,9457.88,9297.9,8967.89,9457.88,9457.88,9270.259999999998,9457.88,9457.88,9391.3,9193.279999999999,9457.88,9650.13,9457.88,9457.88,10577.269999999999,9659.91,9457.88,9457.88,10039.9,9015.39,9457.88,9457.88,9457.88,9524.48,9452.199999999999,9423.21,9457.88,9317.289999999999,10993.17,9457.88,9457.88,9457.88,9457.88,9457.88,9457.88,9457.88,9457.88,9457.88,9295.06,9031.94,9975.5,9564.179999999998,9569.939999999999,11705.210000000001,9457.88,9674.74,9457.88,9919.889999999998,4766.15,9457.88,9457.88,9457.88,9218.05,9457.88,9470.07,9457.88,9457.88,9368.479999999998,9464.38,9347.63,9457.88,10851.609999999999,9290.949999999999,9457.88,8994.57,9457.88,10012.75,9457.88,9395.66,9457.88,9562.799999999997,8424.759999999998
Greene 4H,Turbine,22900.23,23318.47,23547.91,23016.48,22900.23,22900.23,22900.23,24168.09,21609.89,22915.59,22089.54,22900.23,25147.56,23850.31,22900.23,22978.510000000002,22900.23,23700.699999999997,23005.23,22900.23,22528.61,23100.86,23604.41,22900.23,22866.809999999998,22900.23,22900.23,25147.56,23728.73,22727.16,22900.23,22900.23,22015.59,22900.23,22900.23,22367.22,22900.23,22622.65,22900.23,22909.47,22789.98,22900.23,22900.23,22631.94,23279.23,22900.23,22900.23,22900.23,22900.23,22092.92,22900.23,23028.02,22900.23,23455.1,22900.23,22900.23,18439.19,23195.78,22934.07,22900.23,23417.949999999997,22913.449999999997,22900.23,23102.260000000002,22681.3,22737.239999999998,22397.72,22529.68,22900.23,22900.23,22900.23,23412.79,22900.23,22900.23,22900.23,22743.12,22900.23,22900.23,22779.29,22900.23,23549.989999999998,22665.23,24543.71,22900.23,21978.15,22542.91,23022.42,23369.1,22900.23,22900.23,22900.23,23243.58,22897.83,22089.54,22941.21,22997.35,22730.23,22915.59,23148.69,22900.23,22900.23
Chambers 5H,DGB_Diesel,57138.73,55868.74,57138.73,57176.51,57386.240000000005,57858.13,56824.08,57138.73,60325.310000000005,57138.73,57138.73,56402.29,56073.79,65638.31,59996.48,59782.29,54877.560000000005,54516.600000000006,57138.73,58641.12,55565.28,58416.210000000014,57157.96000000001,57138.73,53774.740000000005,62968.670000000006,59018.63,55842.78,70386.26000000001,57138.73,57138.73,59934.62000000002,54265.11000000001,57832.18,57790.57,56112.560000000005,57409.8,57138.73,57138.73,59579.29,55849.82000000001,57138.73,56535.88,56414.840000000004,59348.22000000001,57138.73,54022.04,57138.73,57138.73,58296.35,60376.51,57138.73,55135.05000000001,59975.72000000001,59579.29,57138.73,57138.73,57833.590000000004,73907.70999999999,58407.88,57138.73,54102.74,57138.73,54812.200000000004,57138.73,59006.18,55588.53,58207.29000000001,57367.73,57138.73,55643.93,55602.780000000006,52824.98,57138.73,57138.73,54095.71000000001,53810.89000000001,61023.51,57138.73,57138.73,63378.46,51884.08000000001,54698.83000000001,56451.82000000001,58300.740000000005,53428.87,57138.73,57000.54,58028.37,57138.73,60365.98,55332.74,57138.73,70386.26000000001,68535.23000000001,55849.82000000001,57138.73,52855.990000000005,56038.80000000001,57681.25000000001,55288.74
Chambers 5H,DGB_CNG,17045.39,16943.14,17045.39,17045.39,16933.86,17045.39,17045.39,17045.39,17032.559999999998,17151.149999999998,17045.39,16599.62,17045.39,17044.22,17045.39,17045.39,17045.39,17045.39,17144.129999999997,16826.46,17045.39,17045.39,17045.39,16353.649999999998,17045.39,16485.63,17045.39,17045.39,17045.39,16560.97,18524.15,17571.19,17045.39,17008.72,17045.39,17045.39,16530.22,17045.39,17045.39,18084.769999999997,16715.33,17045.39,16875.53,17045.39,17408.86,17563.11,16462.629999999997,16876.6,17045.39,17340.07,17045.39,15942.439999999999,17749.57,17220.44,17045.39,17045.39,17045.39,17045.39,17135.82,17045.39,16834.04,17333.92,16596.239999999998,17045.39,16990.59,17045.39,17045.39,17012.16,16909.28,17045.39,17350.489999999998,17045.39,16782.0,17045.39,17045.39,17045.39,17045.39,16933.86,17045.39,17045.39,17693.44,17045.39,17057.58,17170.309999999998,17045.39,17091.11,16736.21,16986.5,17008.72,16999.83,17085.13,17314.989999999998,17013.72,17336.46,16485.63,17448.45,17235.96,16737.92,16953.43,17827.42,17058.61
Plaquemines 1H,Diesel,116135.28,114676.95999999999,117253.16,116135.28,120854.5,116135.28,116105.61,116135.28,116135.28,116135.28,118013.14,117568.85999999999,121941.82,116135.28,115398.84,112456.34,113397.13,116135.28,113924.93,116135.28,118712.18,120510.98,118957.95999999999,118791.63,117299.83,113460.33,119732.45999999999,110714.31999999999,116744.51,113859.52,116626.56,116135.28,117304.51,116229.91,116135.28,117583.73,116135.28,114693.34,118575.84,114668.87,119888.52,116135.28,116135.28,116135.28,115587.61,115820.63,113858.16,116298.24,116418.84,113823.25,116601.98,117292.9,116135.28,120854.5,112869.14,116135.28,113460.33,116135.28,116135.28,113859.52,116135.28,123167.51,116135.28,112443.81999999999,116418.84,110142.2,117378.02,127531.78,115234.99,112321.85,115492.89,116736.70000000001,111593.58,115035.35,114131.6,116135.28,123439.67,117412.76000000001,118002.73,115403.93,113611.63,116135.28,115630.73999999999,112280.79,118271.29,117331.26,109219.73,116636.35,116297.68,118804.95999999999,116135.28,116135.28,118729.14,124634.85999999999,116135.28,114134.76000000001,114933.5,116135.28,119187.06999999999,116406.35,109641.9
Sac 2H,Diesel,92310.29,93209.93,93068.64,90827.84,92310.29,115536.39999999998,92310.29,92501.81999999999,92310.29,92791.98999999999,92310.29,90194.03,92267.23,91617.63999999998,90460.29999999999,96183.33999999998,92310.29,93481.98999999999,90129.78,91887.04999999999,98774.03,87558.26999999999,89241.09999999999,88946.29999999999,92417.67,92272.68999999999,92310.29,89458.34,89197.31999999999,92417.67,90600.65999999999,95714.15,85208.79,89193.59999999999,92769.42,92811.35999999999,94953.84999999999,93021.78,88982.45,89934.98999999999,92310.29,92053.40999999999,90851.14,92962.12999999999,92539.23999999999,90010.91999999998,92310.29,92310.29,90857.75,93755.89,90529.84999999999,100441.61999999998,88600.43,89838.75,93029.68999999999,93168.15,90905.16,92310.29,92065.01,91076.95,93331.86999999998,95825.48,95867.39999999998,92310.29,92310.29,96104.7,92310.29,91542.43,87253.54999999999,92310.29,92310.29,93553.09,91525.97,84992.62,92310.29,89169.56,89496.62,91714.95,92694.79,90579.04999999999,91658.47,90940.82999999999,93265.11,92310.29,87931.92,92310.29,92199.09999999999,92310.29,100007.12999999999,93461.43,91410.0,92310.29,90049.12,105557.81999999999,96274.99,90774.34,88618.82999999999,92310.29,94966.64,92310.29,92310.29
Bourbon 4H,Diesel,145392.55,143487.5,142183.28999999998,143635.09,146564.25,146372.84999999998,141579.12,145392.55,153825.53999999998,145392.55,141579.12,141336.97999999998,145392.55,148951.78,145392.55,144603.72999999998,145392.55,146548.5,145826.21999999997,145392.55,145362.88,145392.55,145392.55,146578.5,145392.55,145392.55,147271.63999999998,147947.58,145392.55,145392.55,144842.03999999998,139739.28999999998,154503.94999999998,145392.55,145392.55,145975.15,145392.55,143933.4,144018.84999999998,143398.93,156789.05,145411.78,145227.71999999997,145392.55,145392.55,145392.55,145392.55,142332.75,154597.81,143758.38999999998,145392.55,138626.08,149608.19,146441.38,146456.62,142993.61,145555.51,145392.55,148444.33999999997,142540.59999999998,147833.11,145392.55,145392.55,145392.55,146019.52999999997,146477.44999999998,149145.78999999998,149018.44999999998,150517.43,142356.56,144550.03999999998,149145.78999999998,141538.06,144100.65,147265.97999999998,145392.55,147362.99,147064.53999999998,146473.84999999998,151166.88999999998,146554.56,145993.97,149983.26,145392.55,140642.01,146292.19,147271.63999999998,149753.33,150002.22999999998,146588.52999999997,148188.44,145392.55,143341.65999999997,145203.37,146550.16999999998,145019.9,146044.38999999998,144698.13,144781.56999999998,147745.4,145392.55
Utuado 1H,Diesel,104260.16,105502.96,103171.08,99249.84,102968.26000000001,104867.19,102666.26000000001,104260.16,110227.36,104260.16,105943.88,99509.62000000001,104971.65000000001,105172.26000000001,104260.16,101100.64,106598.03,104499.36000000002,103693.69,104260.16,105431.86,109432.34,103784.61,99249.84,104961.16,102454.17,106080.66,102779.11,106700.44,106149.57,102839.25,105879.66,105319.83,106110.90000000001,104216.3,104260.16,103433.83,106574.71,102423.03,102898.77,100446.73000000001,102384.20000000001,104660.59,110881.39,104260.16,104260.16,105844.91,103160.23000000001,98606.9,104260.16,104260.16,104768.58,103619.17,105235.12,106763.58,104260.16,105327.66,103058.38,103417.65,104971.65000000001,104297.94,105879.66,104260.16,105861.22,97852.33,102056.62,102389.33,103475.84,102613.39000000001,108054.57,106598.03,104887.14,101200.36,111340.69,104260.16,106325.43000000001,103544.3,107640.43000000001,102163.29000000001,110723.90000000001,104971.65000000001,104095.33,104260.16,101098.94,106114.94,104400.22,105071.78,104260.16,105257.05,104260.16,116780.11000000002,104260.16,105581.21,104260.16,104260.16,104260.16,101941.46,104260.16,103841.91,102423.03,104700.51000000001
Montmorency 2H,Diesel,123725.06,129915.27,123084.06999999999,118191.81,118583.34999999999,123725.06,121971.95999999999,121887.93,123725.06,123725.06,121449.3,126228.48,126165.34,124842.94,126165.62,117175.06999999999,123725.06,123050.58,120565.54,125828.93,123725.06,118974.52,120565.54,121881.16,120685.60999999999,122272.52,123725.06,122078.29000000001,119809.8,121464.25,123725.06,123182.95,123725.06,123725.06,123954.01,123725.06,122500.76999999999,128076.95,123725.06,122071.7,123725.06,123725.06,123269.54000000001,123725.06,124267.58,122258.65,119920.45999999999,124921.04,123122.20999999999,123725.06,128515.64,128849.94,120584.33,123725.06,122229.67,123867.23000000001,132836.46,126337.72,123725.06,123725.06,127782.95999999999,123725.06,119415.67,123725.06,122370.95,123725.06,120397.22,119978.45999999999,121398.53,123082.67,125511.2,124570.61,119879.86,121102.93,120129.95999999999,123535.88,122621.26,123899.75,123725.06,123220.51999999999,122875.73999999999,122500.76999999999,123001.17,119614.26999999999,126175.86,123410.41,123496.91,126582.81,123705.51999999999,124436.55,122202.12,123725.06,121993.81999999999,125592.51,123681.2,125602.92,125605.42,123269.54000000001,122106.94,118446.92,120563.84
Mineral 6H,DGB_Diesel,22267.76,22267.76,22267.76,20774.379999999994,25864.93999999999,20815.220000000005,22267.76,24596.7,22267.76,22512.110000000004,22267.76,20430.63,23936.399999999998,20801.349999999995,22267.76,20774.379999999994,23936.399999999998,22733.02,19549.13,22850.359999999997,21372.579999999998,22267.76,22267.76,22267.76,21621.709999999995,22267.76,25286.999999999996,22022.48,21472.09,19941.23,22267.76,25723.900000000012,21763.219999999998,21834.98,21491.51,20978.85,20645.830000000005,21395.719999999998,23090.46000000001,22267.76,22267.76,21731.470000000005,20991.12,22267.76,22267.76,22267.76,18903.77,22267.76,24088.26,22267.76,29964.599999999995,22267.76,21491.51,27648.46000000001,18422.56,25864.93999999999,20786.709999999995,24076.489999999998,20150.749999999996,19892.459999999995,22129.569999999996,24881.3,22267.76,21584.95,21571.649999999998,20700.239999999994,24477.250000000004,22267.76,22733.02,22267.76,20622.76,18463.159999999993,23466.969999999998,26942.420000000002,21698.799999999992,21241.59,23466.969999999998,22267.76,19337.48,21178.679999999997,18454.73,17211.019999999997,37173.58,22267.76,24700.520000000008,22453.45,20151.500000000004,22626.2,22267.76,21664.909999999993,18996.499999999996,24880.420000000002,20267.24,26858.470000000005,22375.140000000003,19049.2,20391.8,23418.899999999998,19907.82,20354.51,22267.76
Mineral 6H,DGB_CNG,7127.4,7127.4,6903.129999999999,7127.4,6704.279999999999,7127.4,7127.4,6910.33,7127.4,7167.140000000001,6740.34,7081.84,6086.07,6836.16,7127.4,7127.4,7127.4,6991.289999999999,7090.01,7375.4400000000005,7302.449999999999,5466.7699999999995,7006.459999999999,7127.4,7376.449999999999,7127.4,7127.4,7356.959999999999,7127.4,7065.58,7595.449999999999,7886.67,7103.119999999999,8077.480000000001,7086.99,7127.4,7787.1,7047.8099999999995,6681.789999999999,7127.4,7127.4,6549.299999999999,9650.949999999999,7127.4,7060.82,7035.719999999999,7127.4,7127.4,7127.4,6642.98,6602.49,7127.4,7147.339999999998,7368.539999999999,7035.719999999999,7127.4,7127.4,7133.9,6499.139999999999,7127.4,7127.4,7127.4,6652.74,7127.4,8105.909999999998,7127.4,7127.4,7126.23,6624.889999999999,7127.4,7127.4,7146.709999999999,7127.4,7127.4,6704.279999999999,7418.17,7127.4,7127.4,7615.879999999999,7168.379999999999,6502.389999999999,6864.01,8657.48,7127.4,7127.4,6415.139999999999,7127.4,7113.49,6760.99,7127.4,8431.99,6127.43,7127.4,6286.66,7275.549999999999,7288.01,7256.5199999999995,7072.83,7344.26,8381.13,7127.4
Racine 6H,Turbine,10791.28,10742.050000000001,10791.28,10620.07,10049.28,10791.28,10791.28,10896.199999999999,10791.28,11438.960000000001,10791.28,10517.1,10791.28,10791.28,10939.43,10962.720000000001,13567.08,10791.28,10470.199999999999,10791.28,10791.28,10535.1,10157.84,10791.28,10994.880000000001,10791.28,10372.16,10791.28,10762.6,12026.03,10486.68,10791.28,10791.28,10639.52,9934.310000000001,10791.28,10791.28,10791.28,10149.49,10702.37,9640.47,10163.02,13038.610000000002,10791.28,11309.0,10442.62,10791.28,13020.410000000002,10791.28,10318.630000000001,10791.28,10791.28,10791.28,10077.37,10791.28,10953.62,10791.28,10572.35,10791.28,10907.53,10953.62,10791.28,10204.6,10791.28,10486.42,10077.37,10758.050000000001,10791.28,9891.18,10757.86,11830.66,10791.28,10791.28,10791.28,10987.640000000001,11038.83,10791.28,10791.28,10791.28,11413.820000000002,11183.320000000002,10136.810000000001,11550.550000000001,10753.18,10791.28,10791.28,10791.28,10791.28,10791.28,10483.810000000001,10791.28,11060.590000000002,10814.28,11170.28,10791.28,10317.539999999999,10755.630000000001,10791.28,10791.28,10890.02,10345.51
Pinellas 6H,Grid,898144.54,884103.67,898144.54,898144.54,898144.54,898144.54,898144.54,898144.54,898144.54,898144.54,898144.54,898144.54,898144.54,898144.54,898144.54,898144.54,898144.54,898144.54,898144.54,898144.54,898144.54,898144.54,898144.54,898144.54,898144.54,898144.54,898144.54,898144.54,898144.54,898144.54,882619.0,898144.54,898144.54,898144.54,898144.54,898144.54,898144.54,898144.54,898144.54,898144.54,898144.54,898144.54,898144.54,898144.54,898144.54,898144.54,898144.54,898144.54,898144.54,898144.54,898144.54,898144.54,898144.54,898144.54,898144.54,898144.54,898144.54,898144.54,898144.54,898144.54,898144.54,898144.54,898144.54,898144.54,898144.54,898144.54,898144.54,898144.54,898144.54,898144.54,898144.54,898144.54,898144.54,898144.54,898144.54,898144.54,889119.6000000001,898144.54,898144.54,898144.54,898144.54,898144.54,898144.54,898144.54,898144.54,898144.54,898144.54,898144.54,898144.54,882619.0,898144.54,898144.54,898144.54,898144.54,898144.54,898144.54,898144.54,898144.54,898144.54,898144.54,898144.54
Maricopa 2H,Turbine,16258.45,17658.730000000003,16085.86,16258.45,16258.45,16258.45,16263.130000000001,16258.45,16258.45,17017.72,15633.44,16258.45,16137.51,15980.87,15675.69,16258.45,16258.45,16166.490000000002,16258.45,16258.45,16220.35,15821.42,16258.45,16258.45,16258.45,16258.45,16395.39,16340.59,16258.45,16258.45,16258.45,16258.45,16258.45,16258.45,16374.7,16585.86,16593.100000000002,16258.45,16506.49,16541.31,15301.48,16258.45,16258.45,16258.45,16160.87,16258.45,16258.45,16258.45,17183.52,15907.03,16258.45,16315.69,16258.45,16258.45,16258.45,16258.45,16220.35,16258.45,16258.45,16258.45,16267.84,15959.82,15594.820000000002,16676.690000000002,16258.45,16258.45,16394.95,16258.45,16258.45,16039.130000000001,16355.57,16813.32,16234.17,16554.0,16258.45,16258.45,16257.94,15835.640000000001,16220.35,15665.220000000001,16258.45,16506.0,16258.45,16169.54,16258.45,16258.45,17377.84,16258.45,16258.45,16258.45,15358.35,15774.03,15773.990000000002,16117.86,16258.45,14901.470000000001,16196.630000000001,16258.45,16438.58,16363.45,16258.45
Rich 2H,Turbine,11677.24,11677.24,12118.81,11677.24,11244.93,12796.63,11637.75,11677.24,11652.06,10526.429999999998,11677.24,11677.24,11784.199999999999,11466.27,12321.320000000002,11799.43,11700.07,12050.89,11677.24,11677.24,11677.24,10803.57,11192.82,11636.59,11391.55,11513.21,11161.96,11677.24,11677.24,11759.64,11328.58,11677.24,11618.41,12112.800000000001,11677.24,11234.75,11677.24,11870.51,11412.16,12459.27,11677.24,11677.24,11677.24,11615.42,11465.619999999999,11677.24,11022.77,11677.24,11677.24,11986.51,11677.24,12631.98,11880.84,11677.24,11506.029999999999,11677.24,15125.449999999999,11677.24,11677.24,11248.66,11968.01,12602.31,11677.24,11677.24,11585.28,11711.08,11857.37,11540.789999999999,11677.24,11251.300000000001,12403.06,12153.96,11524.69,11677.24,11254.43,11677.24,11707.99,11615.15,11677.24,11174.73,11677.24,11677.24,11378.609999999999,11763.78,10889.26,11837.85,11677.24,11869.49,11677.24,11610.66,11677.24,12119.449999999999,11652.06,11677.24,11677.24,11256.199999999999,11694.66,12145.289999999999,11677.24,11340.19,11290.18
Scott 3H,Turbine,12885.12,12885.12,12885.12,12885.12,13310.75,12885.12,12885.12,13106.230000000001,12885.12,12885.12,12885.12,12885.12,16333.33,12885.12,12885.12,13361.84,12885.12,12660.85,12885.12,13010.880000000001,13673.85,13133.160000000002,12885.12,12885.12,12774.87,12885.12,12885.12,12885.12,12624.87,13175.890000000001,12828.36,12885.12,11843.79,12885.12,13106.230000000001,12885.12,13089.58,12885.12,13938.76,12885.12,12885.12,12885.12,13427.18,12885.12,12702.550000000001,12885.12,12885.12,12951.720000000001,12885.12,12882.720000000001,12811.26,12454.210000000001,12708.710000000001,12885.12,13526.470000000001,14482.720000000001,12260.11,12885.12,12645.29,12932.19,12885.12,12661.49,12885.12,12885.12,12256.57,12548.070000000002,13384.740000000002,12885.12,12885.12,12181.460000000001,12885.12,12885.12,12885.12,12884.61,12885.12,13288.360000000002,12885.12,13120.59,12885.12,12885.12,13235.630000000001,12570.460000000001,12442.630000000001,14545.78,12771.2,8317.170000000002,13901.6,13233.99,12967.52,13248.59,12421.810000000001,12891.62,12885.12,12885.12,12311.400000000001,14285.400000000001,12885.12,12889.490000000002,12885.12,12773.59,12462.980000000001
Johnson 1H,Diesel,146557.24,151147.95,146557.24,153786.86,140379.03999999998,149045.47999999998,144506.34999999998,147205.72,146557.24,144296.43,146557.24,139641.69,151147.95,146609.34999999998,139455.74,148168.40999999997,149795.02,146557.24,149614.18,144563.62,140877.34,148766.72999999998,145949.19,145181.37,148349.65,140371.38999999998,145707.91999999998,150154.41999999998,147252.09999999998,147990.81999999998,155743.87,148002.84,145652.09999999998,147441.06999999998,143517.78999999998,146557.24,146557.24,156002.59999999998,147952.22999999998,146720.2,143862.19999999998,144846.07,145833.34999999998,143116.69,146557.24,147642.13999999998,144245.21,147708.38,146557.24,146557.24,146557.24,146392.40999999997,146372.37,151231.9,145076.19,146557.24,147012.02999999997,146557.24,155762.5,145484.68,146557.24,142293.34,146557.24,146401.16999999998,146623.87,153829.49,148437.13999999998,152462.53,149454.15999999997,143291.09999999998,146557.24,147154.84999999998,150194.12,152411.46,150108.19,155893.83,143855.78999999998,146997.59,146557.24,146557.24,146349.49,142962.13999999998,147414.81,146557.24,144245.21,147368.86,146436.66,145080.90999999997,146396.46,143570.94999999998,145954.38999999998,150116.47,151166.91999999998,146557.24,149934.72,139038.87,142742.22999999998,146557.24,149213.59,149560.25,145861.13
Gilmer 6H,Diesel,151048.81,151211.77000000002,151852.03999999998,151048.81,157426.55,151048.81,160254.07,146993.24,151048.81,147352.82,162445.31,151646.41999999998,150593.29,154346.59999999998,150317.46,148733.18,150469.8,155839.39,147606.94,148126.05,151048.81,148927.39,150842.14,151048.81,148860.06,153844.7,149242.82,152649.87,151048.81,146905.04,150332.95,147698.64,152070.38999999998,146546.02,151048.81,148788.0,152248.02,153803.74,151048.81,151048.81,152809.1,152633.56,151048.81,151048.81,150467.16,155424.51,149003.36,151048.81,149155.49,153603.84,149648.44,151048.81,151048.81,151048.81,157670.03999999998,151696.97999999998,158081.03999999998,149759.9,147839.55,151672.13999999998,148932.55,151048.81,150453.47,136514.96,151807.16,150437.4,150402.76,150573.26,152097.64,147831.0,154449.58,153114.08000000002,151048.81,150098.77000000002,150332.95,151048.81,151048.81,152130.11,150475.08,147343.91999999998,148009.36,150647.96,151048.81,146670.44,150379.55,150410.18,151048.81,151048.81,153537.05,149753.66999999998,150820.66,153871.49,150022.64,145627.84999999998,151048.81,154286.59,150512.52000000002,155424.51,151048.81,147244.24,160235.44
